QTD_PACOTES,MED_ATRASO,TAX_MED_LEN_PKG,TAX_MED_LEN_PKG_POR_SEG,TAX_MED_LEN_PAYLOAD,TAX_MED_LEN_PAYLOAD_POR_SEG,TAX_PKG_POR_SEG,QTD_PKG_PERDIDOS
353,0.003759051179750783,39422.01399444429,880.3833333333333,25225.60921472509,566.45,5.883333333333334,0
352,0.0038630664348602295,38267.85995020611,878.7,24437.498378904314,565.6333333333333,5.866666666666666,0
353,0.003949987989647193,37408.45196240576,879.6166666666667,23883.541181642348,565.6833333333333,5.883333333333334,0
350,0.004039937428065709,36676.31953278201,875.1,23456.05439014034,563.7666666666667,5.833333333333333,0
353,0.00413621924078836,35825.89518952634,879.2833333333333,22924.369310068498,565.35,5.883333333333334,0