QTD_PACOTES,MED_ATRASO,TAX_MED_LEN_PKG,TAX_MED_LEN_PKG_POR_SEG,TAX_MED_LEN_PAYLOAD,TAX_MED_LEN_PAYLOAD_POR_SEG,TAX_PKG_POR_SEG,QTD_PKG_PERDIDOS
175,0.0017394787924630301,85091.26331875884,447.5,54502.22220596945,292.7,2.9166666666666665,0
155,0.0018331789201305759,74451.53787896896,364.6333333333333,45201.272823123036,226.43333333333334,2.5833333333333335,0
141,0.0019148461362148853,76029.87514731064,353.4,48091.75702803032,227.93333333333334,2.35,0
193,0.002021876023841028,65486.00450624414,439.6666666666667,39069.50241297406,268.2,3.216666666666667,0
149,0.00211614730374125,61173.04717486066,329.68333333333334,35844.244367958025,196.75,2.4833333333333334,0
5,0.0021708011627197266,74488.36249637029,13.783333333333333,50506.79684867342,9.45,0.08333333333333333,0