QTD_PACOTES,MED_ATRASO,TAX_MED_LEN_PKG,TAX_MED_LEN_PKG_POR_SEG,TAX_MED_LEN_PAYLOAD,TAX_MED_LEN_PAYLOAD_POR_SEG,TAX_PKG_POR_SEG,QTD_PKG_PERDIDOS
254,0.0020170643573670876,132615.70785658414,525.1833333333333,73005.88268190298,301.9166666666667,4.233333333333333,406
0,-1,-1,-1,-1,-1,-1,649
5,6.857396459579467,6647690.571186959,22.766666666666666,4883977.878766964,18.3,0.08333333333333333,655
9,38.99827292230394,4.312064787017359,20.316666666666666,2.8339211380089937,12.383333333333333,0.15,640
5,16.130370235443117,11.429711625168778,15.0,6.600100231962925,10.533333333333333,0.08333333333333333,655
0,-1,-1,-1,-1,-1,-1,22